183840.jpg,0
590795.jpg,0
939930.jpg,2
769952.jpg,3
478458.jpg,0
685126.jpg,4
879592.jpg,0
536158.jpg,4
961957.jpg,2
932831.jpg,4
842846.jpg,2
963652.jpg,4
746901.jpg,2
378727.jpg,3
654718.jpg,3
142627.jpg,0
869969.jpg,3
974991.jpg,3
418667.jpg,4
326387.jpg,2
644719.jpg,4
201836.jpg,4
206142.jpg,0
860397.jpg,2
342239.jpg,3
657487.jpg,3
504048.jpg,3
298663.jpg,4
302500.jpg,4
651752.jpg,2
360846.jpg,2
697717.jpg,4
755700.jpg,0
287588.jpg,3
685549.jpg,2
885587.jpg,4
535352.jpg,2
882351.jpg,3
903506.jpg,0
769646.jpg,0
807256.jpg,2
797557.jpg,0
209159.jpg,3
930956.jpg,4
289159.jpg,2
676680.jpg,4
521063.jpg,0
629208.jpg,2
453907.jpg,4
789472.jpg,3
659835.jpg,4
564531.jpg,4
469438.jpg,0
676802.jpg,3
489776.jpg,2
532373.jpg,4
764001.jpg,2
551504.jpg,0
861127.jpg,4
439162.jpg,2
672130.jpg,0
324319.jpg,4
493282.jpg,2
676967.jpg,4
880746.jpg,2
477496.jpg,3
574379.jpg,3
569237.jpg,0
100205.jpg,2
136346.jpg,3
724702.jpg,4
241647.jpg,4
416503.jpg,3
106887.jpg,2
414922.jpg,2
332665.jpg,0
325258.jpg,3
122755.jpg,0
909000.jpg,2
961866.jpg,3
823222.jpg,0
389362.jpg,3
683347.jpg,0
582732.jpg,2
472932.jpg,2
263690.jpg,4
245131.jpg,0
484914.jpg,0
361993.jpg,3
344312.jpg,3
368691.jpg,3
950472.jpg,4
414889.jpg,0
196369.jpg,4
698199.jpg,2
519218.jpg,2
696707.jpg,4
327999.jpg,2
869933.jpg,0
180951.jpg,4
858729.jpg,2
931420.jpg,3
605972.jpg,4
836989.jpg,4
704223.jpg,0
199996.jpg,4
139186.jpg,0
866288.jpg,3
947607.jpg,2
704277.jpg,4
182289.jpg,3
918017.jpg,0
908348.jpg,4
450632.jpg,3
464831.jpg,2
956835.jpg,3
555401.jpg,3
226395.jpg,4
784488.jpg,1
731559.jpg,3
111989.jpg,4
915182.jpg,0
501066.jpg,2
156757.jpg,2
419588.jpg,2
649855.jpg,3
143182.jpg,2
434827.jpg,3
442707.jpg,4
626806.jpg,4
831663.jpg,3
331522.jpg,4
260639.jpg,4
152973.jpg,2
867115.jpg,0
511967.jpg,2
567262.jpg,0
889410.jpg,4
703198.jpg,3
194458.jpg,2
552917.jpg,4
924566.jpg,4
513477.jpg,0
255202.jpg,0
238610.jpg,2
598969.jpg,0
699198.jpg,3
881519.jpg,0
151706.jpg,0
674779.jpg,2
375311.jpg,2
189211.jpg,4
517885.jpg,2
626199.jpg,4
555596.jpg,4
911414.jpg,2
831770.jpg,2
899049.jpg,4
604283.jpg,0
514521.jpg,3
699083.jpg,0
745919.jpg,4
871403.jpg,0
649713.jpg,3
358207.jpg,0
354085.jpg,3
175124.jpg,1
379190.jpg,3
914504.jpg,3
550956.jpg,2
817999.jpg,1
703998.jpg,3
193946.jpg,2
804378.jpg,0
533672.jpg,0
299742.jpg,2
436318.jpg,2
722725.jpg,2
787247.jpg,0
907069.jpg,4
419625.jpg,3
277477.jpg,0
466704.jpg,2
961493.jpg,0
563690.jpg,4
753453.jpg,3
252901.jpg,3
561859.jpg,0
147057.jpg,3
957915.jpg,4
818651.jpg,4
491979.jpg,4
894541.jpg,0
863873.jpg,4
994188.jpg,3
189982.jpg,4
217830.jpg,3
875507.jpg,3
157187.jpg,3
354854.jpg,2
751168.jpg,3
254850.jpg,0
972881.jpg,2
959972.jpg,3
401659.jpg,2
459946.jpg,4
216683.jpg,4
571923.jpg,2
594078.jpg,3
123853.jpg,0
447997.jpg,0
319162.jpg,4
875959.jpg,3
322167.jpg,3
648684.jpg,3
886804.jpg,3
371222.jpg,0
675458.jpg,1
753306.jpg,1
248213.jpg,0
832697.jpg,3
800722.jpg,4
119281.jpg,3
494900.jpg,4
711324.jpg,3
652388.jpg,1
367865.jpg,2
278593.jpg,0
163029.jpg,3
397809.jpg,3
927524.jpg,1
747983.jpg,4
384459.jpg,3
155663.jpg,4
786563.jpg,1
108739.jpg,1
169832.jpg,0
507523.jpg,2
792451.jpg,4
384489.jpg,4
795186.jpg,4
792165.jpg,1
477717.jpg,4
406703.jpg,0
780956.jpg,3
505298.jpg,4
499194.jpg,0
844162.jpg,0
204442.jpg,2
430779.jpg,3
608205.jpg,3
726111.jpg,3
657381.jpg,3
295472.jpg,4
624970.jpg,4
580233.jpg,4
687923.jpg,4
847078.jpg,4
359409.jpg,1
655132.jpg,4
419739.jpg,4
449773.jpg,4
613731.jpg,3
264631.jpg,0
119264.jpg,2
463625.jpg,2
817552.jpg,2
469007.jpg,4
472640.jpg,3
755602.jpg,3
417012.jpg,4
347678.jpg,4
389279.jpg,0
951331.jpg,0
165021.jpg,3
756190.jpg,4
505977.jpg,2
954441.jpg,3
130897.jpg,2
393804.jpg,3
336540.jpg,4
259077.jpg,4
458388.jpg,4
511929.jpg,4
788842.jpg,0
243928.jpg,2
192059.jpg,0
865344.jpg,0
500773.jpg,2
646012.jpg,2
810929.jpg,0
537605.jpg,3
700727.jpg,4
260169.jpg,4
427557.jpg,4
734775.jpg,2
445280.jpg,2
570988.jpg,0
238173.jpg,3
316800.jpg,4
784167.jpg,4
245308.jpg,4
709254.jpg,4
817276.jpg,4
938970.jpg,2
312137.jpg,4
424008.jpg,4
821978.jpg,4
649249.jpg,2
241822.jpg,0
550955.jpg,2
252203.jpg,2
171108.jpg,2
684413.jpg,4
252591.jpg,4
130915.jpg,0
902616.jpg,0
434168.jpg,0
534152.jpg,4
531228.jpg,0
418083.jpg,0
564523.jpg,0
961613.jpg,3
767782.jpg,2
874205.jpg,3
387096.jpg,0
259338.jpg,3
916953.jpg,3
297062.jpg,0
211957.jpg,3
237935.jpg,0
127470.jpg,2
741709.jpg,2
379825.jpg,0
735022.jpg,0
694587.jpg,4
742108.jpg,2
725329.jpg,2
343461.jpg,0
342129.jpg,3
820767.jpg,3
127351.jpg,0
476712.jpg,4
821568.jpg,1
917707.jpg,2
599753.jpg,3
240600.jpg,0
987240.jpg,4
734086.jpg,1
591534.jpg,0
846606.jpg,3
993522.jpg,4
506281.jpg,4
596864.jpg,3
244192.jpg,2
271742.jpg,0
302647.jpg,4
337264.jpg,2
133795.jpg,3
528436.jpg,2
901677.jpg,4
382967.jpg,2
533108.jpg,4
333365.jpg,0
878427.jpg,4
803950.jpg,2
312686.jpg,4
894586.jpg,4
169348.jpg,0
560623.jpg,4
821276.jpg,2
579770.jpg,1
358771.jpg,2
524533.jpg,3
143858.jpg,1
737460.jpg,0
498851.jpg,0
855185.jpg,0
428096.jpg,0
741209.jpg,4
878533.jpg,3
722650.jpg,4
650744.jpg,2
772550.jpg,2
925145.jpg,2
645940.jpg,3
214626.jpg,3
573546.jpg,3
579094.jpg,3
967182.jpg,3
357657.jpg,4
663996.jpg,4
514828.jpg,0
870881.jpg,0
684791.jpg,2
506216.jpg,0
641198.jpg,3
902328.jpg,3
151690.jpg,3
299072.jpg,0
405323.jpg,4
560905.jpg,0
517375.jpg,3
419348.jpg,0
967823.jpg,3
583757.jpg,0
274573.jpg,0
542983.jpg,4
408721.jpg,4
742917.jpg,4
157196.jpg,3
823468.jpg,0
642081.jpg,3
249149.jpg,3
586097.jpg,0
970206.jpg,0
777486.jpg,2
573639.jpg,1
857750.jpg,4
218669.jpg,4
288503.jpg,2
672949.jpg,2
512160.jpg,3
533648.jpg,3
126122.jpg,2
287567.jpg,4
718990.jpg,4
847251.jpg,4
362230.jpg,4
439817.jpg,3
825318.jpg,3
780081.jpg,4
271960.jpg,2
853270.jpg,4
868881.jpg,2
229545.jpg,0
195620.jpg,0
840532.jpg,4
571228.jpg,4
764873.jpg,4
480573.jpg,2
649262.jpg,2
841635.jpg,3
502744.jpg,4
862182.jpg,1
929493.jpg,0
636521.jpg,2
497073.jpg,3
677079.jpg,4
499095.jpg,4
146038.jpg,4
905579.jpg,1
279185.jpg,2
451475.jpg,4
692960.jpg,0
257380.jpg,0
251631.jpg,4
287555.jpg,3
539963.jpg,2
423026.jpg,4
424553.jpg,4
905967.jpg,2
567935.jpg,4
402808.jpg,4
756883.jpg,4
289473.jpg,3
223264.jpg,1
237962.jpg,3
312705.jpg,3
752801.jpg,1
902575.jpg,3
365406.jpg,4
112800.jpg,0
580921.jpg,4
621800.jpg,2
996963.jpg,4
622864.jpg,0
669902.jpg,2
946677.jpg,0
737517.jpg,0
617437.jpg,4
349433.jpg,3
327408.jpg,2
791505.jpg,0
598820.jpg,0
575779.jpg,4
530074.jpg,3
106892.jpg,2
356600.jpg,0
673929.jpg,4
391622.jpg,3
749871.jpg,2
759172.jpg,4
959959.jpg,3
965339.jpg,2
293818.jpg,3
255457.jpg,4
157738.jpg,2
785010.jpg,4
465973.jpg,2
138504.jpg,4
995304.jpg,3
134007.jpg,4
799396.jpg,4
978721.jpg,4
732590.jpg,4
151413.jpg,3
214176.jpg,0
286906.jpg,3
269172.jpg,0
804737.jpg,2
833842.jpg,0
723870.jpg,3
700081.jpg,4
925551.jpg,2
689485.jpg,4
885734.jpg,4
707090.jpg,4
477685.jpg,0
197649.jpg,4
905843.jpg,0
413833.jpg,4
438503.jpg,0
486473.jpg,4
960109.jpg,4
170953.jpg,3
895284.jpg,2
548081.jpg,2
984274.jpg,2
677210.jpg,3
168079.jpg,2
407057.jpg,3
241081.jpg,1
227950.jpg,0
828361.jpg,1
445200.jpg,2
533856.jpg,4
650131.jpg,4
320038.jpg,4
161010.jpg,4
214611.jpg,4
699121.jpg,4
865175.jpg,4
759531.jpg,0
191928.jpg,3
607157.jpg,0
859246.jpg,4
822106.jpg,2
734155.jpg,2
926471.jpg,4
841139.jpg,3
401137.jpg,4
547798.jpg,3
738419.jpg,4
988980.jpg,3
431862.jpg,3
703080.jpg,0
471042.jpg,4
744129.jpg,4
644951.jpg,0
864605.jpg,0
762550.jpg,3
616428.jpg,2
739008.jpg,2
404598.jpg,4
302957.jpg,3
101657.jpg,2
223949.jpg,4
755843.jpg,0
935434.jpg,4
873291.jpg,3
989265.jpg,4
317402.jpg,3
938403.jpg,2
745197.jpg,4
534773.jpg,3
534153.jpg,3
450006.jpg,4
466634.jpg,0
687638.jpg,4
945197.jpg,4
768470.jpg,2
322652.jpg,2
771736.jpg,0
310960.jpg,2
823535.jpg,1
395307.jpg,3
171131.jpg,1
414870.jpg,3
631302.jpg,4
676710.jpg,4
439658.jpg,2
106429.jpg,2
819150.jpg,2
449472.jpg,0
457943.jpg,2
515287.jpg,4
859584.jpg,2
745915.jpg,4
130531.jpg,4
972460.jpg,4
284160.jpg,0
303440.jpg,0
454352.jpg,0
805139.jpg,0
602381.jpg,4
597549.jpg,0
777015.jpg,4
604884.jpg,4
262934.jpg,4
582992.jpg,3
663051.jpg,4
451387.jpg,0
922072.jpg,2
953715.jpg,0
534061.jpg,3
878656.jpg,2
975671.jpg,2
646384.jpg,0
413884.jpg,0
692385.jpg,1
860180.jpg,1
811141.jpg,4
430828.jpg,3
682145.jpg,0
661916.jpg,4
818791.jpg,3
934438.jpg,3
169429.jpg,2
256557.jpg,0
981578.jpg,4
455627.jpg,3
756944.jpg,2
660226.jpg,3
983326.jpg,4
274031.jpg,3
508489.jpg,4
296481.jpg,0
222520.jpg,2
920347.jpg,3
888047.jpg,2
839525.jpg,0
999488.jpg,2
844321.jpg,4
533973.jpg,4
191014.jpg,0
489633.jpg,2
573858.jpg,3
969749.jpg,2
326639.jpg,3
650607.jpg,0
417003.jpg,3
283514.jpg,0
492393.jpg,2
139211.jpg,3
915572.jpg,2
311915.jpg,4
565330.jpg,4
630573.jpg,4
937838.jpg,3
606109.jpg,2
624344.jpg,4
261562.jpg,4
299451.jpg,3
606957.jpg,4
868020.jpg,4
649063.jpg,0
913205.jpg,0
443238.jpg,4
250255.jpg,2
906859.jpg,0
203024.jpg,0
962074.jpg,2
641218.jpg,3
809589.jpg,2
239164.jpg,2
315154.jpg,4
581682.jpg,1
506415.jpg,4
848344.jpg,3
647718.jpg,4
221462.jpg,2
104309.jpg,0
146168.jpg,4
989322.jpg,0
723155.jpg,4
191305.jpg,4
449479.jpg,0
589554.jpg,2
645865.jpg,1
881770.jpg,2
427659.jpg,4
895338.jpg,4
769883.jpg,0
320039.jpg,0
436467.jpg,4
310297.jpg,0
301898.jpg,3
400487.jpg,0
434652.jpg,4
562543.jpg,4
803724.jpg,0
223365.jpg,3
385898.jpg,2
256574.jpg,3
265146.jpg,3
386929.jpg,2
115997.jpg,2
753205.jpg,3
686810.jpg,4
467335.jpg,1
676051.jpg,4
433955.jpg,2
248433.jpg,4
838568.jpg,0
943058.jpg,2
397027.jpg,1
701969.jpg,3
356717.jpg,3
426503.jpg,2
743052.jpg,4
455193.jpg,0
666836.jpg,0
565198.jpg,0
153190.jpg,4
236392.jpg,2
593602.jpg,2
808308.jpg,2
156413.jpg,3
190302.jpg,4
547181.jpg,3
510954.jpg,3
287677.jpg,4
838908.jpg,2
725078.jpg,2
976792.jpg,0
823648.jpg,3
833337.jpg,2
567493.jpg,4
746253.jpg,4
427617.jpg,1
307772.jpg,0
847528.jpg,2
895242.jpg,2
803458.jpg,0
659399.jpg,2
182361.jpg,1
892453.jpg,3
901561.jpg,2
695370.jpg,3
238197.jpg,4
197429.jpg,3
941325.jpg,3
832534.jpg,1
577714.jpg,4
425469.jpg,3
817727.jpg,3
775721.jpg,2
844715.jpg,4
903726.jpg,3
588003.jpg,3
593403.jpg,3
342948.jpg,4
250703.jpg,1
746910.jpg,0
370587.jpg,0
481104.jpg,0
511122.jpg,2
292259.jpg,2
833599.jpg,4
797492.jpg,3
446373.jpg,0
927094.jpg,4
575301.jpg,0
611187.jpg,4
131734.jpg,0
168540.jpg,4
598424.jpg,4
218370.jpg,0
468512.jpg,0
583646.jpg,3
279098.jpg,0
395968.jpg,1
905245.jpg,2
465549.jpg,3
733801.jpg,3
233582.jpg,4
207932.jpg,3
525392.jpg,3
957266.jpg,2
848969.jpg,0
212178.jpg,0
683165.jpg,2
780999.jpg,2
174369.jpg,4
930924.jpg,4
416793.jpg,2
658624.jpg,4
520286.jpg,3
719221.jpg,4
350164.jpg,1
751034.jpg,4
355528.jpg,1
674566.jpg,2
266744.jpg,0
605806.jpg,2
502460.jpg,3
169268.jpg,3
457264.jpg,3
953452.jpg,2
827774.jpg,3
719677.jpg,4
556501.jpg,3
458823.jpg,4
670977.jpg,3
827851.jpg,2
794799.jpg,4
802131.jpg,2
181678.jpg,2
846490.jpg,4
702080.jpg,4
977394.jpg,0
610268.jpg,4
219876.jpg,3
725030.jpg,4
585394.jpg,4
682051.jpg,4
202397.jpg,4
961953.jpg,4
566843.jpg,2
284731.jpg,4
172988.jpg,4
727320.jpg,3
953610.jpg,4
725376.jpg,4
959691.jpg,4
497316.jpg,3
776320.jpg,1
328182.jpg,3
956721.jpg,3
708979.jpg,0
891662.jpg,3
767033.jpg,4
949178.jpg,1
253852.jpg,0
256464.jpg,4
574978.jpg,1
657062.jpg,0
405663.jpg,0
508926.jpg,4
745474.jpg,3
568881.jpg,1
305171.jpg,3
315651.jpg,4
431976.jpg,4
414295.jpg,0
932932.jpg,2
812569.jpg,0
419343.jpg,4
460987.jpg,4
108513.jpg,3
635218.jpg,0
523831.jpg,0
233751.jpg,3
408474.jpg,4
155708.jpg,3
837520.jpg,4
960622.jpg,2
476695.jpg,2
215027.jpg,0
395917.jpg,2
132699.jpg,4
346668.jpg,1
552686.jpg,3
836333.jpg,2
718831.jpg,4
513420.jpg,4
755584.jpg,0
433580.jpg,3
846348.jpg,3
525756.jpg,2
500099.jpg,3
321476.jpg,3
794668.jpg,3
281833.jpg,4
597938.jpg,4
245824.jpg,3
297370.jpg,0
682401.jpg,3
537503.jpg,0
261760.jpg,0
402483.jpg,0
802615.jpg,4
231647.jpg,3
240800.jpg,3
112166.jpg,4
779885.jpg,4
116470.jpg,4
250990.jpg,3
856379.jpg,3
610343.jpg,0
789886.jpg,2
242371.jpg,2
188776.jpg,4
243885.jpg,3
773440.jpg,2
536056.jpg,0
578180.jpg,0
927251.jpg,1
829169.jpg,0
733790.jpg,4
546383.jpg,4
753523.jpg,3
288531.jpg,3
576467.jpg,4
634160.jpg,0
544726.jpg,0
678866.jpg,0
959907.jpg,4
571907.jpg,4
503402.jpg,4
472566.jpg,0
336706.jpg,0
294816.jpg,3
545405.jpg,4
733941.jpg,3
107790.jpg,2
706012.jpg,1
622355.jpg,3
987938.jpg,4
866418.jpg,2
348250.jpg,0
846722.jpg,3
626100.jpg,2
382329.jpg,2
672696.jpg,3
704349.jpg,3
484795.jpg,0
695748.jpg,2
839122.jpg,0
486482.jpg,3
708455.jpg,0
604923.jpg,1
824038.jpg,4
183952.jpg,3
865654.jpg,3
866816.jpg,4
887042.jpg,0
916704.jpg,4
392993.jpg,3
587521.jpg,4
182034.jpg,4
648779.jpg,4
739705.jpg,4
761297.jpg,3
877714.jpg,2
795978.jpg,2
801200.jpg,2
181874.jpg,3
764469.jpg,3
665389.jpg,4
936866.jpg,4
707784.jpg,4
427679.jpg,3
742818.jpg,4
460234.jpg,3
111307.jpg,1
591644.jpg,0
576089.jpg,4
637566.jpg,2
592025.jpg,2
701846.jpg,3
869460.jpg,4
541467.jpg,4
470057.jpg,2
936997.jpg,3
408929.jpg,3
403257.jpg,0
275645.jpg,2
137042.jpg,3
726667.jpg,2
418841.jpg,0
862285.jpg,4
923154.jpg,2
373094.jpg,0
759868.jpg,0
706224.jpg,4
154127.jpg,0
788201.jpg,4
948188.jpg,4
873199.jpg,0
754643.jpg,0
128624.jpg,0
400748.jpg,1
608307.jpg,3
232981.jpg,0
630155.jpg,0
180595.jpg,0
364294.jpg,2
238976.jpg,3
745710.jpg,3
999529.jpg,0
369437.jpg,0
114892.jpg,3
216968.jpg,2
283095.jpg,3
720515.jpg,0
874863.jpg,4
791174.jpg,4
568349.jpg,4
947082.jpg,4
283919.jpg,2
373943.jpg,2
920539.jpg,3
834815.jpg,1
347669.jpg,4
608473.jpg,0
289592.jpg,0
459502.jpg,0
252117.jpg,3
724473.jpg,3
961639.jpg,2
261638.jpg,3
978302.jpg,2
620039.jpg,2
533007.jpg,0
907789.jpg,3
501779.jpg,3
349505.jpg,4
792759.jpg,4
561567.jpg,2
861265.jpg,4
768545.jpg,4
275409.jpg,2
321099.jpg,0
870033.jpg,2
982725.jpg,4
461838.jpg,2
773459.jpg,0
959340.jpg,0
155074.jpg,2
275741.jpg,4
599401.jpg,4
882395.jpg,0
888977.jpg,4
658388.jpg,3
345011.jpg,4
498249.jpg,4
839883.jpg,2
509018.jpg,0
597643.jpg,4
656208.jpg,3
112439.jpg,0
402820.jpg,2
936039.jpg,4
570622.jpg,2
811451.jpg,4
143010.jpg,0
202093.jpg,3
657101.jpg,0
768387.jpg,0
471015.jpg,0
552760.jpg,4
740140.jpg,0
783740.jpg,2
451238.jpg,2
383457.jpg,2
380061.jpg,3
941289.jpg,1
203050.jpg,4
367747.jpg,3
786128.jpg,3
712553.jpg,4
510154.jpg,4
808094.jpg,3
885478.jpg,4
353542.jpg,3
869983.jpg,4
804527.jpg,4
717322.jpg,2
304394.jpg,1
645209.jpg,0
810638.jpg,2
823809.jpg,4
288656.jpg,0
674213.jpg,0
108887.jpg,3
972089.jpg,4
112542.jpg,3
531225.jpg,2
202444.jpg,3
650779.jpg,0
208954.jpg,2
818798.jpg,3
567604.jpg,3
330074.jpg,4
397058.jpg,0
302458.jpg,3
135695.jpg,4
749485.jpg,2
159645.jpg,4
722999.jpg,3
788500.jpg,1
728500.jpg,2
769078.jpg,3
842470.jpg,2
225805.jpg,0
190582.jpg,4
998043.jpg,4
734059.jpg,0
236217.jpg,0
494220.jpg,3
788279.jpg,2
900962.jpg,2
779378.jpg,0
693566.jpg,3
942216.jpg,2
293743.jpg,4
216229.jpg,3
829445.jpg,0
293213.jpg,2
365641.jpg,3
408877.jpg,3
792561.jpg,4
179392.jpg,4
769809.jpg,4
825846.jpg,2
800007.jpg,3
907278.jpg,3
907528.jpg,1
369836.jpg,2
269833.jpg,4
918656.jpg,1
177591.jpg,3
165417.jpg,2
501393.jpg,0
370782.jpg,4
952283.jpg,3
377521.jpg,2
561976.jpg,2
615607.jpg,2
310416.jpg,0
739947.jpg,3
511707.jpg,3
287110.jpg,2
213697.jpg,3
250861.jpg,2
666893.jpg,3
906048.jpg,0
552202.jpg,0
743790.jpg,1
211410.jpg,0
563031.jpg,4
850151.jpg,3
371577.jpg,4
208304.jpg,1
136554.jpg,4
176461.jpg,1
173832.jpg,4
699098.jpg,2
862886.jpg,3
362769.jpg,2
914992.jpg,2
567541.jpg,2
621877.jpg,4
256085.jpg,2
784578.jpg,0
771440.jpg,2
100909.jpg,2
139673.jpg,0
796889.jpg,3
509451.jpg,0
379378.jpg,4
258971.jpg,4
834061.jpg,2
445852.jpg,3
510339.jpg,1
103883.jpg,3
908442.jpg,4
557239.jpg,1
523533.jpg,2
985049.jpg,4
863119.jpg,4
951732.jpg,4
173504.jpg,2
336817.jpg,4
103468.jpg,3
503097.jpg,3
822742.jpg,3
917710.jpg,4
605483.jpg,2
227091.jpg,4
694798.jpg,0
661307.jpg,0
476353.jpg,3
449636.jpg,4
814956.jpg,4
417538.jpg,4
157875.jpg,3
762985.jpg,3
778506.jpg,4
195071.jpg,1
483102.jpg,0
660596.jpg,4
994794.jpg,4
456581.jpg,4
184365.jpg,3
982042.jpg,4
581966.jpg,2
897392.jpg,0
903741.jpg,3
404043.jpg,4
312987.jpg,4
285197.jpg,2
681409.jpg,4
141241.jpg,3
502824.jpg,4
413388.jpg,4
829685.jpg,0
822303.jpg,0
610135.jpg,0
188984.jpg,1
559259.jpg,2
871043.jpg,2
298667.jpg,4
721748.jpg,4
612997.jpg,4
507652.jpg,2
166052.jpg,0
666809.jpg,1
774661.jpg,2
422679.jpg,3
623956.jpg,0
659876.jpg,0
951211.jpg,3
571132.jpg,0
138842.jpg,0
455766.jpg,3
926045.jpg,4
856035.jpg,4
144894.jpg,4
525205.jpg,2
785611.jpg,3
799731.jpg,3
648530.jpg,3
580636.jpg,3
811016.jpg,2
877048.jpg,4
707488.jpg,2
344303.jpg,4
138669.jpg,3
871185.jpg,2
248468.jpg,0
612643.jpg,3
119989.jpg,3
594109.jpg,2
748410.jpg,4
148026.jpg,4
354471.jpg,4
780301.jpg,1
280616.jpg,4
152384.jpg,2
422266.jpg,4
960607.jpg,4
932251.jpg,0
202018.jpg,4
578344.jpg,2
278980.jpg,4
167064.jpg,0
211496.jpg,0
219726.jpg,2
621292.jpg,4
937995.jpg,3
745533.jpg,0
166175.jpg,4
943530.jpg,4
312484.jpg,2
950941.jpg,2
976500.jpg,3
873774.jpg,0
521536.jpg,0
439984.jpg,4
226670.jpg,3
817318.jpg,4
672401.jpg,0
244000.jpg,0
437211.jpg,4
977057.jpg,2
931627.jpg,0
901351.jpg,2
147800.jpg,0
721894.jpg,4
281873.jpg,3
226610.jpg,2
387198.jpg,2
894348.jpg,4
535320.jpg,2
276214.jpg,4
830119.jpg,2
487896.jpg,4
680290.jpg,4
273021.jpg,2
559969.jpg,0
355479.jpg,4
142675.jpg,0
204823.jpg,3
988528.jpg,2
762904.jpg,2
742191.jpg,2
494401.jpg,2
915437.jpg,3
265416.jpg,0
116389.jpg,2
610622.jpg,3
184643.jpg,0
106658.jpg,4
193471.jpg,3
841071.jpg,4
783415.jpg,4
722571.jpg,4
397514.jpg,0
536440.jpg,3
946632.jpg,2
930724.jpg,0
233056.jpg,4
316174.jpg,2
648496.jpg,0
572298.jpg,3
532046.jpg,4
350875.jpg,3
740195.jpg,0
825272.jpg,3
139448.jpg,4
725236.jpg,4
288744.jpg,0
852037.jpg,0
624170.jpg,0
741780.jpg,4
757658.jpg,0
966630.jpg,2
920597.jpg,0
415830.jpg,4
539128.jpg,2
104792.jpg,4
684801.jpg,0
347085.jpg,0
301224.jpg,3
223215.jpg,2
200331.jpg,2
479481.jpg,0
898100.jpg,2
665940.jpg,4
632195.jpg,4
586765.jpg,0
907750.jpg,4
756895.jpg,0
389854.jpg,0
155646.jpg,4
218152.jpg,4
935309.jpg,4
256465.jpg,2
597457.jpg,2
621682.jpg,4
284888.jpg,2
267520.jpg,3
802695.jpg,3
156652.jpg,3
398911.jpg,3
555786.jpg,2
363592.jpg,4
450533.jpg,3
746781.jpg,3
944264.jpg,2
895248.jpg,4
145421.jpg,3
209493.jpg,3
876383.jpg,0
663463.jpg,4
265722.jpg,2
923648.jpg,2
130477.jpg,3
608623.jpg,1
174301.jpg,4
346729.jpg,4
856445.jpg,2
721497.jpg,4
707924.jpg,2
441806.jpg,3
539422.jpg,3
308405.jpg,3
883377.jpg,4
809731.jpg,0
441505.jpg,3
341238.jpg,0
338846.jpg,0
202827.jpg,2
309668.jpg,0
493774.jpg,3
331381.jpg,3
593869.jpg,2
713513.jpg,0
607938.jpg,4
156978.jpg,0
557037.jpg,3
251981.jpg,4
326665.jpg,4
577092.jpg,0
506145.jpg,4
491627.jpg,0
579975.jpg,3
303586.jpg,3
762722.jpg,2
476009.jpg,2
312033.jpg,4
233391.jpg,0
133653.jpg,4
825835.jpg,2
696289.jpg,4
162549.jpg,2
394234.jpg,0
243132.jpg,0
216506.jpg,4
993021.jpg,1
588148.jpg,4
279517.jpg,4
897273.jpg,3
460265.jpg,2
330533.jpg,2
732958.jpg,4
264404.jpg,2
927899.jpg,0
933162.jpg,4
741233.jpg,0
706204.jpg,2
679606.jpg,3
996536.jpg,3
340860.jpg,0
531694.jpg,3
998602.jpg,4
647114.jpg,3
612977.jpg,4
326956.jpg,4
720317.jpg,4
977646.jpg,4
392731.jpg,3
865479.jpg,3
443194.jpg,3
555342.jpg,4
707615.jpg,4
333210.jpg,4
720517.jpg,0
701568.jpg,3
105324.jpg,3
538065.jpg,0
142004.jpg,3
593515.jpg,4
869105.jpg,4
135253.jpg,1
546376.jpg,4
602550.jpg,4
949049.jpg,2
830494.jpg,2
202759.jpg,4
574419.jpg,4
619344.jpg,1
352194.jpg,4
187127.jpg,3
889660.jpg,0
113026.jpg,4
826830.jpg,0
526369.jpg,3
328596.jpg,0
239158.jpg,4
410158.jpg,2
350675.jpg,0
779099.jpg,3
195136.jpg,3
116703.jpg,4
603088.jpg,3
801534.jpg,4
269662.jpg,4
837468.jpg,4
999596.jpg,0
698087.jpg,4
712011.jpg,0
125599.jpg,4
576935.jpg,4
586288.jpg,4
909327.jpg,2
245357.jpg,0
837290.jpg,4
293929.jpg,4
838094.jpg,4
764170.jpg,4
757776.jpg,0
503575.jpg,2
824304.jpg,2
449077.jpg,4
656710.jpg,0
134303.jpg,4
410997.jpg,4
546590.jpg,0
382894.jpg,1
831963.jpg,0
742254.jpg,2
703171.jpg,1
933071.jpg,2
925954.jpg,0
817923.jpg,2
750594.jpg,2
157474.jpg,0
639740.jpg,2
481671.jpg,3
216356.jpg,2
501557.jpg,2
483349.jpg,0
587957.jpg,3
749208.jpg,1
483329.jpg,3
484232.jpg,2
283781.jpg,3
779658.jpg,0
839113.jpg,3
170260.jpg,0
687997.jpg,4
911152.jpg,0
245129.jpg,0
451199.jpg,0
350224.jpg,3
219073.jpg,3
780566.jpg,2
601736.jpg,0
888819.jpg,3
708299.jpg,2
881206.jpg,2
336388.jpg,3
436030.jpg,4
380345.jpg,4
390607.jpg,0
490923.jpg,3
609845.jpg,2
625808.jpg,3
969856.jpg,4
228670.jpg,0
657742.jpg,0
811257.jpg,0
658739.jpg,2
573933.jpg,2
751114.jpg,3
486028.jpg,2
806013.jpg,4
948083.jpg,4
191549.jpg,4
184064.jpg,3
509660.jpg,4
287497.jpg,0
180685.jpg,2
214677.jpg,4
389346.jpg,4
217466.jpg,2
830943.jpg,3
255141.jpg,2
620438.jpg,4
257808.jpg,0
314178.jpg,2
757746.jpg,3
407410.jpg,4
815551.jpg,0
596925.jpg,4
463541.jpg,4
540538.jpg,0
565420.jpg,4
873544.jpg,0
776000.jpg,3
122525.jpg,4
298244.jpg,4
166007.jpg,2
123107.jpg,2
343613.jpg,4
975505.jpg,3
452192.jpg,0
531690.jpg,4
706815.jpg,2
787614.jpg,0
777433.jpg,3
925045.jpg,2
442157.jpg,4
609763.jpg,0
722180.jpg,0
798199.jpg,4
982804.jpg,2
675111.jpg,0
566885.jpg,3
238364.jpg,3
927691.jpg,3
280079.jpg,3
927607.jpg,3
372637.jpg,1
337798.jpg,2
607765.jpg,4
986585.jpg,3
149617.jpg,0
255544.jpg,3
470274.jpg,0
398196.jpg,0
274444.jpg,2
748680.jpg,3
846389.jpg,4
661320.jpg,3
399102.jpg,3
291134.jpg,4
980103.jpg,0
798724.jpg,0
260940.jpg,3
349461.jpg,3
143150.jpg,3
432006.jpg,3
702433.jpg,3
232617.jpg,4
562305.jpg,4
373056.jpg,2
293458.jpg,2
315120.jpg,3
689810.jpg,3
841484.jpg,3
136374.jpg,3
797883.jpg,3
432339.jpg,4
460549.jpg,4
255130.jpg,0
491029.jpg,0
570211.jpg,4
666091.jpg,4
270495.jpg,2
416208.jpg,0
126135.jpg,3
524214.jpg,4
623676.jpg,4
252446.jpg,4
580290.jpg,3
263633.jpg,4
104502.jpg,2
874368.jpg,0
672675.jpg,4
778684.jpg,2
839719.jpg,4
409913.jpg,2
596931.jpg,4
403905.jpg,2
890795.jpg,4
701596.jpg,3
938416.jpg,3
692688.jpg,0
563581.jpg,2
822622.jpg,0
217771.jpg,3
867180.jpg,4
602248.jpg,0
142027.jpg,4
246195.jpg,0
810943.jpg,4
677723.jpg,4
222553.jpg,4
521139.jpg,0
747518.jpg,4
331069.jpg,0
474754.jpg,3
442220.jpg,0
157706.jpg,4
772465.jpg,2
304629.jpg,3
711772.jpg,4
332934.jpg,4
904357.jpg,2
123643.jpg,3
187649.jpg,2
664566.jpg,2
990714.jpg,3
809952.jpg,0
804179.jpg,0
303895.jpg,4
614290.jpg,2
734470.jpg,3
636405.jpg,4
478603.jpg,1
516869.jpg,4
255132.jpg,2
850742.jpg,4
995278.jpg,1
548413.jpg,4
504868.jpg,2
490941.jpg,3
112782.jpg,4
398477.jpg,4
461675.jpg,4
468422.jpg,4
688285.jpg,4
191853.jpg,4
326172.jpg,4
863209.jpg,0
877548.jpg,0
535798.jpg,4
942725.jpg,4
563999.jpg,4
402654.jpg,3
944809.jpg,4
863364.jpg,3
544420.jpg,2
863998.jpg,4
534313.jpg,0
246347.jpg,4
976097.jpg,1
715702.jpg,0
726981.jpg,3
190259.jpg,0
250616.jpg,0
317877.jpg,0
417960.jpg,2
597667.jpg,3
650818.jpg,4
451709.jpg,3
169327.jpg,0
719371.jpg,4
892843.jpg,0
494025.jpg,2
192744.jpg,3
529350.jpg,4
769836.jpg,0
386606.jpg,4
534649.jpg,4
283388.jpg,4
584567.jpg,2
844747.jpg,3
695503.jpg,3
891930.jpg,2
243578.jpg,3
308936.jpg,1
295041.jpg,2
500314.jpg,2
403524.jpg,4
680771.jpg,3
614416.jpg,4
144284.jpg,3
962767.jpg,4
975126.jpg,0
713635.jpg,3
418677.jpg,0
686448.jpg,0
585964.jpg,4
335426.jpg,2
128143.jpg,4
929653.jpg,4
102565.jpg,4
261505.jpg,4
414750.jpg,4
771670.jpg,2
974767.jpg,3
767482.jpg,3
595495.jpg,0
230208.jpg,0
798260.jpg,2
537420.jpg,3
288085.jpg,0
615780.jpg,4
821255.jpg,2
356639.jpg,4
901865.jpg,4
390683.jpg,4
617000.jpg,3
881782.jpg,4
479332.jpg,2
709291.jpg,1
603825.jpg,3
693047.jpg,0
557250.jpg,4
370439.jpg,2
758501.jpg,2
819231.jpg,2
599164.jpg,4
958029.jpg,4
225392.jpg,0
637422.jpg,4
868561.jpg,4
703207.jpg,4
118397.jpg,4
709908.jpg,3
161352.jpg,4
253235.jpg,2
583439.jpg,2
242079.jpg,0
474745.jpg,2
155457.jpg,4
385915.jpg,1
478707.jpg,4
539892.jpg,3
767153.jpg,3
403936.jpg,0
769983.jpg,3
638828.jpg,4
303229.jpg,2
758537.jpg,0
292148.jpg,3
727847.jpg,4
889188.jpg,4
275254.jpg,4
438277.jpg,3
966985.jpg,3
986041.jpg,0
818240.jpg,3
938732.jpg,2
415697.jpg,0
384645.jpg,2
831871.jpg,4
480132.jpg,4
200488.jpg,3
660380.jpg,1
468710.jpg,4
963308.jpg,0
250698.jpg,4
113524.jpg,4
243601.jpg,2
643341.jpg,0
395087.jpg,0
491133.jpg,3
916639.jpg,0
608453.jpg,4
456844.jpg,0
270948.jpg,3
207392.jpg,3
262062.jpg,4
627835.jpg,4
331854.jpg,2
971968.jpg,2
297569.jpg,2
685792.jpg,4
743226.jpg,4
823153.jpg,2
971803.jpg,3
651186.jpg,0
847159.jpg,2
677883.jpg,4
836378.jpg,1
893045.jpg,3
537619.jpg,2
582860.jpg,0
180111.jpg,4
222227.jpg,4
958620.jpg,1
602811.jpg,4
426708.jpg,4
480180.jpg,4
245766.jpg,3
956727.jpg,2
563405.jpg,2
726680.jpg,4
900681.jpg,4
458660.jpg,2
844378.jpg,0
419484.jpg,0
130156.jpg,4
224357.jpg,4
333159.jpg,3
234966.jpg,4
998435.jpg,0
827967.jpg,1
337580.jpg,2
422361.jpg,2
231432.jpg,3
320034.jpg,2
182423.jpg,2
545440.jpg,1
824375.jpg,4
900088.jpg,4
922114.jpg,3
217149.jpg,4
181511.jpg,0
119719.jpg,4
912323.jpg,2
607778.jpg,2
894122.jpg,3
552195.jpg,4
144582.jpg,2
213054.jpg,2
134385.jpg,0
791838.jpg,0
638421.jpg,0
721990.jpg,3
162144.jpg,4
591868.jpg,4
224698.jpg,0
365302.jpg,0
169465.jpg,4
800015.jpg,4
110771.jpg,3
891203.jpg,4
201191.jpg,3
920375.jpg,4
229806.jpg,2
731024.jpg,1
315378.jpg,4
716146.jpg,0
309740.jpg,4
293757.jpg,3
803175.jpg,2
986950.jpg,0
882445.jpg,2
464733.jpg,4
268356.jpg,0
996677.jpg,0
918730.jpg,1
863944.jpg,3
353569.jpg,2
629435.jpg,3
697935.jpg,2
171656.jpg,3
203919.jpg,1
706217.jpg,0
900319.jpg,2
654527.jpg,0
327538.jpg,3
300852.jpg,2
280117.jpg,1
663217.jpg,0
104539.jpg,0
860583.jpg,4
203479.jpg,2
842136.jpg,0
597775.jpg,0
484264.jpg,0
832045.jpg,4
718010.jpg,3
294118.jpg,0
975290.jpg,3
472058.jpg,2
498055.jpg,0
544692.jpg,3
324682.jpg,1
639231.jpg,0
338607.jpg,2
527376.jpg,0
218327.jpg,4
429546.jpg,0
229620.jpg,0
588533.jpg,0
215674.jpg,3
644973.jpg,1
619900.jpg,4
899301.jpg,0
478798.jpg,4
838963.jpg,4
684195.jpg,2
857215.jpg,4
186243.jpg,4
617695.jpg,4
221343.jpg,4
397388.jpg,4
579142.jpg,0
871934.jpg,0
820420.jpg,2
981946.jpg,4
527066.jpg,2
996915.jpg,0
548750.jpg,2
172990.jpg,0
981913.jpg,3
598783.jpg,0
812120.jpg,0
485290.jpg,4
288006.jpg,4
806906.jpg,2
804743.jpg,0
210280.jpg,2
515623.jpg,0
559337.jpg,4
648051.jpg,0
790537.jpg,4
809381.jpg,0
189135.jpg,2
225008.jpg,2
250331.jpg,0
513989.jpg,4
520085.jpg,4
828799.jpg,1
719244.jpg,2
877447.jpg,0
481377.jpg,0
308757.jpg,4
309991.jpg,3
723861.jpg,4
985029.jpg,1
523927.jpg,4
228725.jpg,4
344181.jpg,4
545334.jpg,2
623354.jpg,3
392047.jpg,2
901968.jpg,2
903180.jpg,0
710185.jpg,3
722487.jpg,3
386232.jpg,3
927843.jpg,4
939892.jpg,3
519677.jpg,4
598940.jpg,4
524089.jpg,3
608069.jpg,4
392438.jpg,4
254532.jpg,2
905305.jpg,2
576719.jpg,3
228125.jpg,0
362867.jpg,0
613111.jpg,4
621429.jpg,4
342034.jpg,2
241147.jpg,4
131167.jpg,2
873637.jpg,3
155419.jpg,3
970645.jpg,3
622332.jpg,0
128048.jpg,3
287795.jpg,0
501219.jpg,0
733952.jpg,4
812197.jpg,2
442838.jpg,4
260155.jpg,1
417459.jpg,4
752179.jpg,3
753506.jpg,2
897097.jpg,1
180234.jpg,0
793193.jpg,3
888119.jpg,2
645205.jpg,4
616096.jpg,4
931239.jpg,4
588659.jpg,4
311740.jpg,4
407823.jpg,2
794255.jpg,3
622084.jpg,0
629315.jpg,0
668787.jpg,0
460307.jpg,3
666785.jpg,4
673172.jpg,4
901075.jpg,0
133133.jpg,2
551313.jpg,4
224921.jpg,4
429839.jpg,3
994303.jpg,0
137728.jpg,4
134455.jpg,0
285460.jpg,0
917241.jpg,0
840356.jpg,3
272117.jpg,2
427637.jpg,3
507980.jpg,0
901123.jpg,0
214695.jpg,3
696487.jpg,2
807814.jpg,3
792142.jpg,3
680684.jpg,3
700005.jpg,4
592640.jpg,0
599028.jpg,3
995852.jpg,0
263903.jpg,2
158444.jpg,0
510396.jpg,3
376185.jpg,0
618721.jpg,3
496149.jpg,4
746908.jpg,2
809348.jpg,2
469899.jpg,2
903702.jpg,0
398254.jpg,4
436050.jpg,1
164407.jpg,4
129514.jpg,3
147310.jpg,4
234425.jpg,1
977589.jpg,1
484208.jpg,4
465823.jpg,0
878103.jpg,3
712333.jpg,2
128206.jpg,4
902364.jpg,0
755520.jpg,4
457833.jpg,3
202078.jpg,3
548945.jpg,3
461908.jpg,3
474725.jpg,4
531939.jpg,3
468332.jpg,4
159191.jpg,2
359642.jpg,3
346019.jpg,0
427260.jpg,0
721314.jpg,4
189067.jpg,2
821411.jpg,0
168681.jpg,4
419723.jpg,2
220031.jpg,2
453993.jpg,2
120669.jpg,4
441958.jpg,0
139193.jpg,2
583298.jpg,1
789719.jpg,4
695642.jpg,1
639764.jpg,4
541631.jpg,4
379570.jpg,4
121393.jpg,0
829765.jpg,4
592516.jpg,4
716551.jpg,3
431889.jpg,0
496086.jpg,4
698059.jpg,1
438083.jpg,3
700350.jpg,4
202472.jpg,0
947591.jpg,2
612081.jpg,2
204917.jpg,2
824423.jpg,2
315910.jpg,0
452287.jpg,0
620860.jpg,4
627191.jpg,4
950874.jpg,2
274721.jpg,3
744693.jpg,3
480983.jpg,3
311559.jpg,4
988494.jpg,2
925386.jpg,0
981202.jpg,0
661862.jpg,4
324479.jpg,3
401314.jpg,0
149840.jpg,2
521556.jpg,4
943687.jpg,3
878974.jpg,4
196424.jpg,3
985194.jpg,4
706279.jpg,4
720615.jpg,4
453200.jpg,3
386643.jpg,2
170537.jpg,4
693943.jpg,4
940104.jpg,3
656860.jpg,4
598355.jpg,1
547852.jpg,4
319927.jpg,4
464187.jpg,0
934301.jpg,0
180385.jpg,3
783185.jpg,1
963752.jpg,4
629152.jpg,3
943187.jpg,2
553939.jpg,4
666176.jpg,2
428574.jpg,3
309795.jpg,2
534439.jpg,3
521843.jpg,0
755322.jpg,3
640403.jpg,2
575244.jpg,0
804181.jpg,0
900527.jpg,0
674160.jpg,4
119506.jpg,4
641300.jpg,0
295600.jpg,0
704864.jpg,3
323297.jpg,4
792905.jpg,1
878261.jpg,2
589994.jpg,1
658596.jpg,2
744268.jpg,4
994199.jpg,1
906479.jpg,3
554793.jpg,2
693616.jpg,3
162790.jpg,0
647639.jpg,3
310394.jpg,0
584952.jpg,3
352050.jpg,4
257782.jpg,3
818596.jpg,2
414861.jpg,2
985126.jpg,2
556538.jpg,2
530189.jpg,3
970542.jpg,3
167557.jpg,0
764721.jpg,1
313446.jpg,3
987060.jpg,3
532472.jpg,4
379901.jpg,2
963723.jpg,4
400988.jpg,0
777424.jpg,0
268384.jpg,4
368903.jpg,2
820219.jpg,4
730437.jpg,3
347600.jpg,0
525581.jpg,4
219074.jpg,0
257246.jpg,0
301238.jpg,4
129049.jpg,2
357516.jpg,0
967412.jpg,3
425625.jpg,0
586706.jpg,3
608960.jpg,3
687019.jpg,0
542519.jpg,4
778346.jpg,4
138801.jpg,2
311802.jpg,4
385959.jpg,2
243057.jpg,3
130557.jpg,3
370948.jpg,0
928028.jpg,2
284533.jpg,4
775591.jpg,3
993933.jpg,2
857568.jpg,0
609442.jpg,4
920231.jpg,3
120875.jpg,4
158014.jpg,1
429153.jpg,4
730823.jpg,1
412453.jpg,4
166670.jpg,3
526777.jpg,2
194693.jpg,1
516174.jpg,3
980605.jpg,4
859414.jpg,0
247388.jpg,0
347507.jpg,3
870158.jpg,4
226502.jpg,2
969250.jpg,4
912767.jpg,2
620566.jpg,1
194632.jpg,0
349641.jpg,3
728958.jpg,4
228216.jpg,0
910749.jpg,3
945872.jpg,2
428634.jpg,3
445281.jpg,0
972765.jpg,4
873048.jpg,2
944986.jpg,1
884727.jpg,4
880097.jpg,3
251286.jpg,3
212002.jpg,2
283662.jpg,4
324509.jpg,3
387883.jpg,3
528212.jpg,3
366659.jpg,4
158642.jpg,4
659383.jpg,2
492906.jpg,4
833602.jpg,4
218448.jpg,3
431863.jpg,2
672255.jpg,4
544366.jpg,4
815903.jpg,3
358313.jpg,0
391224.jpg,3
922370.jpg,4
251950.jpg,4
480631.jpg,0
598306.jpg,4
485602.jpg,3
961264.jpg,4
423141.jpg,4
122097.jpg,3
776748.jpg,2
735242.jpg,2
136500.jpg,4
982348.jpg,0
157328.jpg,2
824233.jpg,4
927119.jpg,0
804222.jpg,3
351318.jpg,4
503376.jpg,2
424291.jpg,0
769986.jpg,2
834649.jpg,0
818534.jpg,2
227982.jpg,2
660894.jpg,3
999308.jpg,2
507341.jpg,3
108248.jpg,3
194634.jpg,0
893423.jpg,2
411870.jpg,0
320606.jpg,4
268010.jpg,0
762021.jpg,2
432591.jpg,4
526024.jpg,2
927659.jpg,1
387348.jpg,3
183985.jpg,4
963185.jpg,2
917319.jpg,4
615576.jpg,3
593975.jpg,3
872739.jpg,2
533021.jpg,0
982023.jpg,0
542882.jpg,0
960085.jpg,3
205272.jpg,4
964446.jpg,2
268132.jpg,3
169591.jpg,2
468948.jpg,2
541314.jpg,3
864654.jpg,3
952941.jpg,0
674334.jpg,2
442641.jpg,0
828980.jpg,4
128679.jpg,2
898989.jpg,4
154629.jpg,4
772528.jpg,3
772758.jpg,3
292664.jpg,4
760766.jpg,0
564943.jpg,3
929443.jpg,2
242703.jpg,3
103225.jpg,3
520124.jpg,4
758816.jpg,3
420389.jpg,4
703779.jpg,0
186226.jpg,2
361728.jpg,3
641448.jpg,4
848226.jpg,0
970969.jpg,0
780715.jpg,2
900234.jpg,2
236412.jpg,0
988102.jpg,0
819064.jpg,2
530247.jpg,3
434914.jpg,4
573421.jpg,2
601602.jpg,4
870883.jpg,1
239995.jpg,0
281905.jpg,4
820861.jpg,0
721826.jpg,4
938366.jpg,0
188498.jpg,3
534631.jpg,0
485456.jpg,4
290724.jpg,4
495648.jpg,3
698097.jpg,3
121741.jpg,0
124085.jpg,0
778540.jpg,2
741731.jpg,4
757066.jpg,1
339816.jpg,1
584887.jpg,3
374499.jpg,4
993209.jpg,2
152201.jpg,0
520515.jpg,0
748024.jpg,4
549737.jpg,3
729557.jpg,0
372795.jpg,4
193387.jpg,3
485792.jpg,2
694797.jpg,3
223050.jpg,0
556297.jpg,3
910926.jpg,1
575747.jpg,4
967442.jpg,2
806331.jpg,4
618152.jpg,0
224269.jpg,2
335388.jpg,3
848225.jpg,3
299800.jpg,4
952924.jpg,4
401950.jpg,2
882702.jpg,0
618172.jpg,4
500633.jpg,4
236523.jpg,2
316642.jpg,4
729232.jpg,2
326037.jpg,3
396712.jpg,2
862008.jpg,2
810083.jpg,4
538651.jpg,3
289131.jpg,2
528368.jpg,2
253032.jpg,0
130170.jpg,0
404289.jpg,3
747684.jpg,4
572883.jpg,4
360380.jpg,4
487593.jpg,3
711218.jpg,4
817506.jpg,4
580419.jpg,2
189903.jpg,3
110821.jpg,4
591658.jpg,3
239675.jpg,0
438947.jpg,3
826687.jpg,2
516866.jpg,0
820216.jpg,4
322526.jpg,4
847986.jpg,2
502124.jpg,4
842866.jpg,0
543852.jpg,2
871861.jpg,4
726205.jpg,2
368672.jpg,1
176604.jpg,2
684056.jpg,3
161606.jpg,0
154644.jpg,4
449031.jpg,4
346249.jpg,2
735829.jpg,4
803375.jpg,4
727291.jpg,0
884588.jpg,2
949192.jpg,4
105621.jpg,3
749758.jpg,0
417201.jpg,3
513869.jpg,3
803869.jpg,3
708684.jpg,2
278117.jpg,0
628216.jpg,4
455652.jpg,4
590822.jpg,4
238327.jpg,1
194002.jpg,0
656189.jpg,3
248683.jpg,0
373055.jpg,4
146307.jpg,0
234082.jpg,4
623460.jpg,0
975355.jpg,4
394650.jpg,2
884149.jpg,0
478108.jpg,2
550977.jpg,2
396668.jpg,2
376002.jpg,3
742705.jpg,3
969887.jpg,0
376570.jpg,2
642085.jpg,0
428215.jpg,2
272998.jpg,3
430870.jpg,3
872663.jpg,4
682667.jpg,0
994470.jpg,0
789354.jpg,0
767578.jpg,3
936994.jpg,3
155807.jpg,4
298096.jpg,4
255840.jpg,3
157217.jpg,4
341026.jpg,4
292037.jpg,2
137604.jpg,3
593090.jpg,0
372864.jpg,4
271499.jpg,0
589824.jpg,4
221660.jpg,3
618951.jpg,2
142773.jpg,4
562966.jpg,4
473838.jpg,3
608768.jpg,4
579995.jpg,0
217955.jpg,0
986925.jpg,2
854727.jpg,2
466586.jpg,3
198123.jpg,0
397917.jpg,4
975512.jpg,2
276470.jpg,4
386042.jpg,3
690607.jpg,4
714127.jpg,2
322713.jpg,4
711893.jpg,0
104326.jpg,2
651567.jpg,2
904098.jpg,2
698514.jpg,4
289340.jpg,4
536646.jpg,1
358114.jpg,4
905572.jpg,2
809790.jpg,4
198886.jpg,3
398090.jpg,2
814407.jpg,2
813702.jpg,4
719014.jpg,3
211222.jpg,3
130277.jpg,2
582589.jpg,2
971051.jpg,4
842084.jpg,3
791577.jpg,4
758879.jpg,2
445429.jpg,0
145976.jpg,1
752596.jpg,4
575111.jpg,3
440698.jpg,4
867080.jpg,4
869989.jpg,4
935750.jpg,0
696805.jpg,4
235602.jpg,0
321634.jpg,3
774909.jpg,0
396698.jpg,4
438869.jpg,3
936917.jpg,0
879930.jpg,4
174159.jpg,0
673734.jpg,4
731548.jpg,0
499917.jpg,0
197046.jpg,4
518233.jpg,2
367558.jpg,3
286657.jpg,4
351742.jpg,4
908323.jpg,2
518295.jpg,3
193520.jpg,2
121508.jpg,2
993749.jpg,2
318337.jpg,4
270855.jpg,4
917357.jpg,0
398776.jpg,4
778604.jpg,4
889114.jpg,4
261621.jpg,2
226460.jpg,3
413048.jpg,1
614688.jpg,2
940014.jpg,3
553360.jpg,0
871635.jpg,4
425164.jpg,0
818234.jpg,3
797848.jpg,0
972470.jpg,0
637555.jpg,4
309580.jpg,3
613406.jpg,4
567080.jpg,4
506941.jpg,1
381521.jpg,0
690408.jpg,4
729502.jpg,4
893237.jpg,3
543061.jpg,0
950389.jpg,2
486123.jpg,0
743687.jpg,0
295408.jpg,0
761322.jpg,4
546711.jpg,3
197462.jpg,4
142402.jpg,0
638277.jpg,4
458345.jpg,3
586041.jpg,2
809298.jpg,2
779068.jpg,4
819571.jpg,3
848301.jpg,1
262602.jpg,4
619383.jpg,0
652891.jpg,4
778665.jpg,4
404824.jpg,3
590963.jpg,3
558600.jpg,4
183029.jpg,2
940480.jpg,1
600811.jpg,0
255825.jpg,4
233997.jpg,1
817555.jpg,0
415001.jpg,3
982416.jpg,2
648501.jpg,3
150046.jpg,0
180250.jpg,3
147285.jpg,0
638354.jpg,0
212860.jpg,4
635456.jpg,4
545554.jpg,2
199074.jpg,0
792956.jpg,3
855299.jpg,2
696092.jpg,2
365688.jpg,0
472724.jpg,0
367240.jpg,0
905984.jpg,4
627899.jpg,4
117058.jpg,2
219470.jpg,4
876487.jpg,0
793715.jpg,4
585363.jpg,0
288274.jpg,4
924366.jpg,2
291059.jpg,0
983855.jpg,2
512045.jpg,4
147457.jpg,0
536471.jpg,4
838594.jpg,2
412106.jpg,4
859268.jpg,1
894143.jpg,4
802818.jpg,2
571804.jpg,3
754112.jpg,0
947075.jpg,0
377950.jpg,2
457915.jpg,0
949352.jpg,3
883317.jpg,2
733395.jpg,0
806120.jpg,4
211495.jpg,2
554871.jpg,2
660333.jpg,4
118785.jpg,3
222346.jpg,1
280077.jpg,3
787657.jpg,2
825411.jpg,2
789666.jpg,3
880399.jpg,0
731124.jpg,0
861173.jpg,4
610365.jpg,0
417508.jpg,3
748543.jpg,0
478251.jpg,4
824211.jpg,0
806533.jpg,2
823825.jpg,3
807896.jpg,3
514184.jpg,4
943726.jpg,1
417358.jpg,3
191892.jpg,1
241677.jpg,2
114549.jpg,0
217348.jpg,2
955604.jpg,0
829842.jpg,3
297364.jpg,2
128117.jpg,4
604487.jpg,3
780130.jpg,0
252205.jpg,4
353524.jpg,2
982995.jpg,0
999876.jpg,0
928387.jpg,4
664744.jpg,4
300188.jpg,4
190275.jpg,2
415535.jpg,3
907111.jpg,1
255362.jpg,3
597013.jpg,2
542372.jpg,4
222115.jpg,4
274174.jpg,0
259826.jpg,2
874668.jpg,4
836727.jpg,4
566895.jpg,2
608608.jpg,4
594392.jpg,1
120581.jpg,2
571351.jpg,0
713654.jpg,3
354415.jpg,1
409153.jpg,4
697091.jpg,4
969742.jpg,3
974343.jpg,4
153395.jpg,4
450067.jpg,2
108256.jpg,3
207650.jpg,4
761032.jpg,4
988803.jpg,1
552762.jpg,3
989838.jpg,4
619782.jpg,4
724783.jpg,4
681230.jpg,3
404899.jpg,1
138815.jpg,0
611177.jpg,3
519095.jpg,4
609713.jpg,2
638292.jpg,4
719749.jpg,0
859813.jpg,3
741199.jpg,4
811634.jpg,2
611601.jpg,3
343170.jpg,0
848987.jpg,0
163653.jpg,4
653971.jpg,4
119943.jpg,0
542503.jpg,3
431192.jpg,0
680130.jpg,4
779792.jpg,1
596330.jpg,1
222621.jpg,2
618823.jpg,3
752944.jpg,3
777568.jpg,2
463608.jpg,0
570103.jpg,4
831396.jpg,4
557420.jpg,4
121817.jpg,2
861485.jpg,0
301537.jpg,4
592034.jpg,4
559392.jpg,0
343377.jpg,0
632294.jpg,0
330374.jpg,4
716204.jpg,3
818247.jpg,3
994911.jpg,4
983390.jpg,0
849940.jpg,4
788870.jpg,3
237529.jpg,4
407645.jpg,3
858115.jpg,4
509333.jpg,0
973548.jpg,3
805804.jpg,0
870267.jpg,4
595268.jpg,2
269896.jpg,2
752048.jpg,0
396177.jpg,0
824248.jpg,3
885650.jpg,2
190378.jpg,0
799459.jpg,4
606346.jpg,4
235367.jpg,3
263907.jpg,4
735173.jpg,3
616094.jpg,0
205805.jpg,3
536191.jpg,1
418402.jpg,3
346120.jpg,4
149334.jpg,2
119011.jpg,2
373477.jpg,4
474387.jpg,0
809810.jpg,3
266309.jpg,2
283201.jpg,0
968167.jpg,4
133522.jpg,4
166758.jpg,3
454140.jpg,4
551538.jpg,4
219505.jpg,3
747561.jpg,3
337701.jpg,4
226550.jpg,1
334981.jpg,4
609990.jpg,3
370346.jpg,3
456855.jpg,0
923012.jpg,4
472497.jpg,4
906747.jpg,3
907503.jpg,3
380484.jpg,4
258522.jpg,2
994863.jpg,2
823659.jpg,0
640422.jpg,2
802006.jpg,3
209200.jpg,3
152871.jpg,4
559094.jpg,2
579341.jpg,4
982478.jpg,2
892476.jpg,0
216319.jpg,4
739270.jpg,4
963617.jpg,4
689795.jpg,4
144008.jpg,2
631948.jpg,0
210531.jpg,2
315363.jpg,3
479205.jpg,4
264660.jpg,2
863729.jpg,0
406313.jpg,4
842563.jpg,0
562965.jpg,4
898977.jpg,4
630471.jpg,0
204117.jpg,1
261790.jpg,4
778526.jpg,2
958952.jpg,4
244464.jpg,2
989816.jpg,2
311697.jpg,4
560438.jpg,3
906389.jpg,0
357232.jpg,4
975365.jpg,4
948450.jpg,2
596672.jpg,0
457900.jpg,4
400687.jpg,4
629554.jpg,0
189374.jpg,0
490527.jpg,0
849941.jpg,4
891512.jpg,2
535168.jpg,3
478162.jpg,2
760016.jpg,0
797298.jpg,2
357374.jpg,4
258975.jpg,2
889794.jpg,0
655378.jpg,2
542207.jpg,0
940715.jpg,0
549653.jpg,0
533491.jpg,0
529191.jpg,0
993796.jpg,3
933206.jpg,3
815337.jpg,0
564077.jpg,0
110431.jpg,3
852485.jpg,0
945411.jpg,0
454737.jpg,1
430096.jpg,4
521161.jpg,2
909891.jpg,3
272306.jpg,0
555157.jpg,2
164454.jpg,4
896070.jpg,3
258284.jpg,3
160617.jpg,3
848022.jpg,2
937886.jpg,4
645027.jpg,3
539673.jpg,2
813944.jpg,4
834831.jpg,3
680502.jpg,3
419105.jpg,4
856601.jpg,3
878774.jpg,2
428933.jpg,4
108286.jpg,4
967176.jpg,3
393371.jpg,4
653429.jpg,2
740051.jpg,3
253995.jpg,1
523559.jpg,4
567863.jpg,0
775156.jpg,0
315098.jpg,4
670871.jpg,3
926636.jpg,4
748216.jpg,0
783710.jpg,3
563621.jpg,4
831351.jpg,2
951266.jpg,4
919528.jpg,3
780271.jpg,3
524154.jpg,3
913066.jpg,2
416178.jpg,2
138766.jpg,0
853800.jpg,1
232126.jpg,0
397719.jpg,2
324116.jpg,4
197328.jpg,3
636526.jpg,0
678589.jpg,0
427420.jpg,2
646660.jpg,2
457259.jpg,3
893820.jpg,4
766564.jpg,4
124559.jpg,0
129246.jpg,3
935294.jpg,3
666160.jpg,0
721285.jpg,2
371256.jpg,2
353063.jpg,0
972655.jpg,0
911763.jpg,4
418706.jpg,1
861800.jpg,0
543281.jpg,2
629818.jpg,0
215806.jpg,3
162857.jpg,2
982464.jpg,2
491096.jpg,4
372374.jpg,4
757446.jpg,3
632151.jpg,2
471692.jpg,4
229827.jpg,0
893310.jpg,4
230809.jpg,3
570534.jpg,0
700241.jpg,3
347565.jpg,4
881984.jpg,4
849361.jpg,2
758237.jpg,0
659193.jpg,0
985517.jpg,2
345196.jpg,2
467355.jpg,4
413735.jpg,0
398357.jpg,3
799318.jpg,0
922911.jpg,4
700588.jpg,0
805097.jpg,4
246770.jpg,4
849051.jpg,2
873337.jpg,2
641538.jpg,3
710658.jpg,3
962813.jpg,4
576378.jpg,4
202747.jpg,2
846209.jpg,4
546370.jpg,3
968679.jpg,2
185927.jpg,4
196729.jpg,4
165214.jpg,3
545526.jpg,3
599387.jpg,4
325217.jpg,4
181865.jpg,1
487233.jpg,2
651818.jpg,4
522317.jpg,3
716813.jpg,2
686120.jpg,3
916656.jpg,3
513959.jpg,3
376502.jpg,3
712686.jpg,4
767377.jpg,1
543990.jpg,2
561457.jpg,0
822487.jpg,4
613321.jpg,3
963829.jpg,0
270753.jpg,0
251357.jpg,3
630354.jpg,0
608312.jpg,4
845695.jpg,2
235670.jpg,0
638113.jpg,4
654844.jpg,0
577555.jpg,0
134191.jpg,4
882758.jpg,0
264458.jpg,4
487272.jpg,4
224535.jpg,3
226737.jpg,3
699538.jpg,2
142238.jpg,4
648171.jpg,3
260751.jpg,3
223461.jpg,2
419736.jpg,0
492649.jpg,2
417991.jpg,0
609529.jpg,0
129336.jpg,4
929637.jpg,0
249044.jpg,2
921866.jpg,4
542244.jpg,2
151014.jpg,0
419987.jpg,0
397252.jpg,4
326053.jpg,3
291970.jpg,0
958914.jpg,3
875590.jpg,0
612537.jpg,2
102187.jpg,2
674134.jpg,4
465584.jpg,2
170846.jpg,0
146852.jpg,4
537859.jpg,0
604550.jpg,0
424745.jpg,0
693246.jpg,4
574348.jpg,0
454233.jpg,4
919304.jpg,0
495633.jpg,3
974994.jpg,2
855009.jpg,3
974180.jpg,2
735132.jpg,4
898963.jpg,4
245251.jpg,2
767376.jpg,0
583326.jpg,3
799631.jpg,3
570888.jpg,3
755119.jpg,0
796781.jpg,4
529526.jpg,0
506045.jpg,2
455465.jpg,4
803011.jpg,2
871660.jpg,0
390848.jpg,1
777292.jpg,2
841561.jpg,0
126008.jpg,3
760717.jpg,4
934832.jpg,3
909076.jpg,4
841761.jpg,4
423850.jpg,3
776498.jpg,0
229794.jpg,3
686523.jpg,2
189288.jpg,4
748758.jpg,3
668154.jpg,0
704876.jpg,0
155442.jpg,3
298595.jpg,4
598949.jpg,2
627054.jpg,3
119570.jpg,0
226126.jpg,4
790229.jpg,3
657695.jpg,3
288474.jpg,3
119895.jpg,2
388319.jpg,0
924974.jpg,0
315802.jpg,2
969993.jpg,4
839893.jpg,0
707705.jpg,0
188759.jpg,0
946118.jpg,3
736333.jpg,3
435996.jpg,0
717499.jpg,3
147168.jpg,4
615346.jpg,4
124393.jpg,4
456470.jpg,2
558245.jpg,3
289276.jpg,0
535092.jpg,2
125225.jpg,2
653545.jpg,2
432799.jpg,2
500567.jpg,0
369670.jpg,0
399212.jpg,3
251030.jpg,2
367968.jpg,2
193982.jpg,4
261719.jpg,4
527060.jpg,3
161775.jpg,2
441092.jpg,2
290272.jpg,2
128491.jpg,4
847949.jpg,4
161343.jpg,2
412501.jpg,4
508881.jpg,0
203540.jpg,0
435587.jpg,3
249380.jpg,0
493754.jpg,3
967949.jpg,2
226842.jpg,2
154398.jpg,1
312398.jpg,3
351262.jpg,2
726004.jpg,4
633328.jpg,0
888938.jpg,3
628924.jpg,0
503752.jpg,0
220671.jpg,2
382368.jpg,2
163577.jpg,0
433799.jpg,0
679989.jpg,0
526850.jpg,4
607690.jpg,4
527288.jpg,2
764316.jpg,3
345094.jpg,4
119527.jpg,2
382234.jpg,1
714646.jpg,3
807890.jpg,4
206440.jpg,4
358281.jpg,3
681652.jpg,4
783200.jpg,4
923356.jpg,4
231671.jpg,0
419409.jpg,4
695848.jpg,2
567646.jpg,2
187984.jpg,2
987386.jpg,0
766683.jpg,4
624741.jpg,3
920910.jpg,2
249282.jpg,3
666692.jpg,4
276358.jpg,3
920011.jpg,3
357070.jpg,4
544336.jpg,4
682119.jpg,4
143822.jpg,4
101049.jpg,2
952118.jpg,2
587222.jpg,3
403300.jpg,4
275512.jpg,3
100569.jpg,4
605608.jpg,3
386578.jpg,0
726909.jpg,0
363076.jpg,3
813029.jpg,0
498619.jpg,2
468488.jpg,3
323088.jpg,3
981521.jpg,0
635118.jpg,1
394976.jpg,2
147694.jpg,2
269257.jpg,2
660033.jpg,4
690433.jpg,4
173332.jpg,4
415242.jpg,1
194073.jpg,0
514507.jpg,2
228950.jpg,3
246433.jpg,2
860294.jpg,3
393033.jpg,2
740098.jpg,0
941017.jpg,4
815234.jpg,4
459279.jpg,4
766023.jpg,2
374056.jpg,0
889256.jpg,0
574709.jpg,2
386275.jpg,2
794447.jpg,3
458224.jpg,4
320855.jpg,0
582134.jpg,4
444412.jpg,2
116645.jpg,4
240221.jpg,3
777844.jpg,4
102146.jpg,3
738359.jpg,3
104487.jpg,0
110043.jpg,3
805383.jpg,2
533232.jpg,1
682788.jpg,2
837463.jpg,2
899502.jpg,0
511871.jpg,4
664271.jpg,2
925549.jpg,4
780627.jpg,2
782902.jpg,3
181288.jpg,3
664814.jpg,4
132450.jpg,2
972503.jpg,3
955697.jpg,4
566801.jpg,3
804900.jpg,2
229410.jpg,2
470141.jpg,0
494659.jpg,4
967661.jpg,3
730520.jpg,4
475354.jpg,2
505537.jpg,0
285793.jpg,0
979908.jpg,4
905270.jpg,4
830889.jpg,4
488477.jpg,3
566173.jpg,4
332281.jpg,3
879243.jpg,1
120742.jpg,0
813612.jpg,3
194336.jpg,4
955932.jpg,4
743241.jpg,3
755608.jpg,0
947684.jpg,0
852677.jpg,0
331890.jpg,0
345637.jpg,3
138583.jpg,2
394394.jpg,2
616777.jpg,4
838247.jpg,3
319242.jpg,3
515326.jpg,0
390819.jpg,4
696746.jpg,0
618008.jpg,2
278758.jpg,2
678588.jpg,2
303182.jpg,4
791890.jpg,0
874703.jpg,4
693186.jpg,1
815531.jpg,4
732262.jpg,2
692592.jpg,4
284055.jpg,2
168535.jpg,4
716735.jpg,4
168209.jpg,1
233620.jpg,4
372235.jpg,3
697586.jpg,0
997034.jpg,4
648489.jpg,4
864305.jpg,4
920251.jpg,3
387653.jpg,2
301170.jpg,4
988843.jpg,4
810912.jpg,3
124240.jpg,3
810656.jpg,0
658829.jpg,4
744304.jpg,0
365206.jpg,2
813745.jpg,0
575976.jpg,4
547861.jpg,4
772101.jpg,4
995336.jpg,0
438689.jpg,3
553559.jpg,0
526640.jpg,0
813213.jpg,2
643471.jpg,2
589251.jpg,3
619647.jpg,0
642383.jpg,3
895891.jpg,2
145576.jpg,0
856254.jpg,0
149246.jpg,4
540467.jpg,0
570665.jpg,4
510893.jpg,4
304061.jpg,2
450964.jpg,2
699596.jpg,0
946906.jpg,1
126604.jpg,2
873266.jpg,0
336588.jpg,3
823044.jpg,2
544407.jpg,4
178056.jpg,4
362127.jpg,4
306440.jpg,3
272471.jpg,4
425903.jpg,4
165896.jpg,0
756403.jpg,2
755669.jpg,2
201424.jpg,3
129226.jpg,0
603281.jpg,2
552931.jpg,3
947311.jpg,4
721313.jpg,0
935946.jpg,4
756720.jpg,3
362573.jpg,0
359159.jpg,4
213079.jpg,3
596580.jpg,3
349937.jpg,2
457356.jpg,4
972957.jpg,4
157076.jpg,4
961545.jpg,2
449792.jpg,4
644918.jpg,2
932685.jpg,2
348243.jpg,4
913432.jpg,4
749662.jpg,4
559831.jpg,4
901215.jpg,2
568143.jpg,4
707056.jpg,3
189689.jpg,0
163634.jpg,4
134963.jpg,3
495727.jpg,4
428497.jpg,2
827044.jpg,3
168187.jpg,4
920664.jpg,4
165014.jpg,3
563385.jpg,0
416115.jpg,4
740405.jpg,4
552816.jpg,4
168986.jpg,0
206773.jpg,2
810477.jpg,0
158500.jpg,3
686424.jpg,4
154738.jpg,0
409242.jpg,2
991215.jpg,4
499985.jpg,4
747288.jpg,4
888490.jpg,1
531077.jpg,1
344435.jpg,0
925727.jpg,3
791770.jpg,2
754319.jpg,0
111121.jpg,3
502569.jpg,3
586758.jpg,3
933790.jpg,4
548901.jpg,3
749310.jpg,3
206197.jpg,2
456113.jpg,4
782540.jpg,4
808602.jpg,4
127233.jpg,1
576133.jpg,4
301831.jpg,3
213253.jpg,4
207677.jpg,3
724086.jpg,4
170825.jpg,4
721686.jpg,0
927763.jpg,0
303019.jpg,2
701056.jpg,3
232101.jpg,2
633618.jpg,3
368735.jpg,2
472654.jpg,3
541457.jpg,4
604783.jpg,4
859822.jpg,4
751009.jpg,4
566222.jpg,1
354963.jpg,2
146211.jpg,2
163429.jpg,4
557019.jpg,2
638051.jpg,2
891018.jpg,3
475121.jpg,4
426304.jpg,2
667430.jpg,3
913166.jpg,3
252698.jpg,3
254569.jpg,2
592331.jpg,2
732636.jpg,3
459557.jpg,0
486746.jpg,2
642827.jpg,4
714926.jpg,4
789624.jpg,4
811249.jpg,2
251624.jpg,4
348918.jpg,3
686625.jpg,0
310105.jpg,1
311037.jpg,3
923408.jpg,2
171726.jpg,4
298553.jpg,2
800302.jpg,0
598833.jpg,4
828531.jpg,1
825447.jpg,3
590106.jpg,4
728896.jpg,4
447231.jpg,0
993395.jpg,2
693595.jpg,2
451965.jpg,2
539033.jpg,4
270162.jpg,0
209940.jpg,3
576370.jpg,3
144241.jpg,4
103876.jpg,3
826894.jpg,4
341459.jpg,0
589199.jpg,2
754227.jpg,2
350629.jpg,2
870269.jpg,2
905671.jpg,0
954225.jpg,2
447618.jpg,0
946485.jpg,4
876031.jpg,3
494172.jpg,2
315289.jpg,4
519758.jpg,2
293194.jpg,0
966212.jpg,4
107052.jpg,2
480441.jpg,0
110372.jpg,0
475271.jpg,3
131475.jpg,0
681636.jpg,4
220784.jpg,3
249319.jpg,2
404691.jpg,2
561801.jpg,4
303846.jpg,4
762002.jpg,4
714136.jpg,0
902719.jpg,0
477392.jpg,3
146037.jpg,2
131127.jpg,3
307434.jpg,0
397901.jpg,4
329580.jpg,4
374725.jpg,4
853754.jpg,1
282750.jpg,4
456324.jpg,0
988704.jpg,0
681440.jpg,0
357912.jpg,4
287214.jpg,4
305507.jpg,2
122536.jpg,3
374505.jpg,0
122013.jpg,0
971834.jpg,3
810360.jpg,4
243910.jpg,3
497329.jpg,0
786680.jpg,2
454820.jpg,4
320449.jpg,4
578364.jpg,0
351815.jpg,1
487596.jpg,3
948809.jpg,3
490437.jpg,3
793013.jpg,0
279683.jpg,0
652522.jpg,0
937836.jpg,4
753476.jpg,3
554786.jpg,0
845476.jpg,3
168553.jpg,0
224249.jpg,4
251448.jpg,0
237148.jpg,2
933511.jpg,2
298853.jpg,3
828082.jpg,3
433396.jpg,4
550405.jpg,4
767044.jpg,2
356428.jpg,4
148439.jpg,1
900149.jpg,2
745952.jpg,3
995940.jpg,4
661479.jpg,2
408472.jpg,2
927942.jpg,0
255783.jpg,4
443598.jpg,1
359178.jpg,3
393678.jpg,0
232601.jpg,0
992865.jpg,3
922781.jpg,3
593530.jpg,2
929420.jpg,0
744755.jpg,1
168024.jpg,4
275566.jpg,0
633320.jpg,2
887803.jpg,3
887623.jpg,2
633891.jpg,0
492446.jpg,3
622807.jpg,4
644098.jpg,3
586819.jpg,2
437456.jpg,0
847096.jpg,4
492040.jpg,4
828246.jpg,3
618827.jpg,4
381370.jpg,2
769102.jpg,1
712350.jpg,4
781298.jpg,2
138382.jpg,3
317264.jpg,2
330189.jpg,4
312861.jpg,2
574040.jpg,0
345770.jpg,4
329212.jpg,4
420863.jpg,3
545668.jpg,3
699125.jpg,4
983353.jpg,4
492279.jpg,4
188876.jpg,2
240855.jpg,3
188109.jpg,3
566097.jpg,2
644022.jpg,4
468653.jpg,1
341358.jpg,0
712328.jpg,2
143141.jpg,4
587853.jpg,4
452713.jpg,3
573066.jpg,2
590262.jpg,4
553515.jpg,4
528818.jpg,0
485364.jpg,0
432420.jpg,2
386281.jpg,2
500944.jpg,4
125918.jpg,2
563143.jpg,4
345147.jpg,3
378527.jpg,4
776703.jpg,0
179574.jpg,0
476536.jpg,3
186422.jpg,2
408824.jpg,0
637700.jpg,4
673206.jpg,3
774920.jpg,2
181955.jpg,4
924047.jpg,0
389852.jpg,3
338804.jpg,1
203189.jpg,4
224348.jpg,3
174814.jpg,4
477735.jpg,3
140140.jpg,4
672549.jpg,2
310036.jpg,3
306198.jpg,4
445234.jpg,0
362168.jpg,0
417420.jpg,4
955181.jpg,2
905812.jpg,4
986516.jpg,2
387796.jpg,3
299903.jpg,3
839919.jpg,3
733375.jpg,4
244562.jpg,3
996531.jpg,4
888931.jpg,4
850974.jpg,2
875758.jpg,3
669508.jpg,0
373820.jpg,2
108948.jpg,0
414021.jpg,1
463470.jpg,2
523426.jpg,4
525468.jpg,3
961784.jpg,4
708125.jpg,2
787140.jpg,2
112468.jpg,2
594932.jpg,4
785864.jpg,2
637549.jpg,1
256532.jpg,2
516814.jpg,0
338633.jpg,3
337949.jpg,0
858472.jpg,2
885527.jpg,4
320069.jpg,4
597484.jpg,4
640882.jpg,4
715517.jpg,4
924154.jpg,3
679459.jpg,4
894423.jpg,4
857607.jpg,4
583814.jpg,1
457207.jpg,2
190047.jpg,4
428282.jpg,2
986887.jpg,3
296971.jpg,3
907540.jpg,4
831844.jpg,2
537977.jpg,2
571829.jpg,4
994376.jpg,3
685573.jpg,2
492901.jpg,3
245699.jpg,3
420415.jpg,4
873644.jpg,0
110151.jpg,4
624078.jpg,3
949767.jpg,2
